title,artist
Drowning,WOODZ
like JENNIE,제니
너에게 닿기를,10CM
HANDS UP,MEOVV
Whiplash,aespa
poppop,NCT WISH
The Chase,Hearts2Hearts
Maybe Tomorrow,데이식스
toxic till the end,로제
SIGN,이즈나
luther,"Kendrick Lamar, SZA"
오늘만 I LOVE YOU,보이넥스트도어
HOT,르세라핌
Die With A Smile,"Lady Gaga, Bruno Mars"
1-4-3,백예린
사랑의이름으로! (feat. 카리나),잔나비
I DO ME,키키
Flower,오반
1999,마크
TOO BAD (feat. Anderson .Paak),G-DRAGON
Pookie,피프티 피프티
Magnetic,아일릿
마음 따라 뛰는 건 멋지지 않아?,투어스
ATTITUDE,아이브
Gnarly,KATSEYE
가까운 듯 먼 그대여,카더가든
How Sweet,뉴진스
모르시나요,조째즈
1000,NCT WISH
끝났지,데이식스
APT.,"로제, Bruno Mars"
Supernova,aespa
Messy,로제
Almond Chocolate (Korean Ver.),아일릿
EVERYTHING,검정치마
ExtraL,"제니, 도이치"
DRIP,BABYMONSTER
HOME SWEET HOME (feat. TAEYANG & DAESUNG),G-DRAGON
Mantra,제니
HAPPY,데이식스
REBEL HEART,아이브
Skrr (feat. 지젤),김하온
이렇게 좋아해 본 적이 없어요,보이넥스트도어
Armageddon,aespa
Welcome to the Show,데이식스
Antifreeze,백예린
Steady,NCT WISH
Attention,뉴진스
Melt Inside My Pocket,NCT WISH
Jasmine,DPR LIVE
Hype Boy,뉴진스
주저하는 연인들을 위해,잔나비
Not Like Us,Kendrick Lamar
Home Sweet Home,카더가든
Ditto,뉴진스
Bubble Gum,뉴진스
yours,데이먼스 이어
한 페이지가 될 수 있게,데이식스
Love Hangover,"제니, 도미닉 파이크"
그대만 있다면 (영화 '여름날 우리'),Nerd Connection
Bye Bye My Blue,백예린
Vancouver,BIG Naughty
사랑으로,wave to earth
Anxiety,도이치
Come Over,르세라핌
Trip (feat. Hannah),릴러말즈
踊り子,Vaundy
Congratulations,데이식스
blue,yung kai
좋은 밤 좋은 꿈,Nerd Connection
Supersonic,fromis_9
한시 오분 (1:05),검정치마
Drama,aespa
Pretender,OFFICIAL HIGE DANDISM
예뻤어,데이식스
Lucky Girl Syndrome,아일릿
Silly Dance,NCT WISH
Here With Me,d4vd
LOVE ATTACK,리센느
Nerdy Love (feat. Yerin Baek),pH-1
TOMBOY,혁오
Supernatural,뉴진스
LAST DANCE,BIGBANG
"무제, 2014",G-DRAGON
Spicy,aespa
굿데이 2025 (텔레파시 + 달빛 창가에서),"G-DRAGON, 황정민, 데프콘, 홍진경, 정형돈, , , , ,"
Sticky,KISS OF LIFE
"어떻게 이별까지 사랑하겠어, 널 사랑하는 거지",악뮤
영원해,도경수
봄여름가을겨울 (Still Life),BIGBANG
청춘만화,이무진
봄 그리고 너,마틴스미스
BIRDS OF A FEATHER,Billie Eilish
UP (KARINA Solo),aespa
OMG,뉴진스
Nice Guy,보이넥스트도어
IF YOU,BIGBANG
Cruel Summer,Taylor Swift
"Earth, Wind & Fire",보이넥스트도어
Seeking happy in the crowd,백예린
